<?xml version="1.0" encoding="UTF-8"?><!--
        *** GENERATED FROM jax-ws.xml - DO NOT EDIT !                             ***
        *** TO MODIFY wsimport options USE Web Service node -> Edit WS Attributes ***
        *** TO CHANGE TARGETS GENERATED TO jaxws-build.xml COPY THOSE             ***
        *** TARGETS TO ../build.xml AND MODIFY THAT FILE INSTEAD                  ***

        --><project xmlns:j2seproject3="http://www.netbeans.org/ns/j2se-project/3" xmlns:xalan="http://xml.apache.org/xslt" xmlns:jaxws="http://www.netbeans.org/ns/jax-ws/1">
    <!--
                ===================
                JAX-WS WSIMPORT SECTION
                ===================
            -->
    <target name="wsimport-init" depends="init">
        <mkdir dir="${build.generated.sources.dir}/jax-ws"/>
        <taskdef name="wsimport" classname="com.sun.tools.ws.ant.WsImport">
            <classpath path="${libs.jaxws21.classpath}"/>
        </taskdef>
    </target>
    <target name="wsimport-client-PriceQuoteService" depends="wsimport-init">
        <mkdir dir="${build.generated.dir}/jax-wsCache/PriceQuoteService"/>
        <property name="wsdl-PriceQuoteService" location="xml-resources/web-service-references/PriceQuoteService/wsdl/localhost_7001/demos/PriceQuoteService/PriceQuoteService.wsdl"/>
        <wsimport sourcedestdir="${build.generated.dir}/jax-wsCache/PriceQuoteService" destdir="${build.generated.dir}/jax-wsCache/PriceQuoteService" wsdl="${wsdl-PriceQuoteService}" catalog="catalog.xml" encoding="${source.encoding}" extension="true" verbose="true" fork="false" wsdlLocation="http://localhost:7001/demos/PriceQuoteService/PriceQuoteService?WSDL" xnocompile="true" xendorsed="true" package="demos.client.ws">
            <depends file="${wsdl-PriceQuoteService}"/>
            <produces dir="${build.generated.dir}/jax-wsCache/PriceQuoteService"/>
        </wsimport>
        <copy todir="${build.generated.sources.dir}/jax-ws">
            <fileset dir="${build.generated.dir}/jax-wsCache/PriceQuoteService">
                <include name="**/*.java"/>
            </fileset>
        </copy>
    </target>
    <target name="wsimport-client-clean-PriceQuoteService" depends="-init-project">
        <delete dir="${build.generated.dir}/jax-wsCache/PriceQuoteService"/>
        <delete dir="${build.generated.sources.dir}/jax-ws/demos/client/ws"/>
    </target>
    <target name="wsimport-client-generate" depends="wsimport-client-PriceQuoteService"/>
</project>
