<?xml version="1.0" encoding="UTF-8"?>
<project-private xmlns="http://www.netbeans.org/ns/project-private/1">
    <editor-bookmarks xmlns="http://www.netbeans.org/ns/editor-bookmarks/2" lastBookmarkId="0"/>
    <open-files xmlns="http://www.netbeans.org/ns/projectui-open-files/2">
        <group>
            <file>file:/C:/SGUS/JavaEE/JMSDemo/src/java/samples/monday/ClassicMessageSender.java</file>
            <file>file:/C:/SGUS/JavaEE/JMSDemo/src/java/samples/monday/MsgSevlet.java</file>
            <file>file:/C:/SGUS/JavaEE/JMSDemo/src/java/samples/monday/ClassicMessageSenderLocal.java</file>
            <file>file:/C:/SGUS/JavaEE/JMSDemo/src/java/com/party/MSG_Sender.java</file>
        </group>
    </open-files>
</project-private>
