<?xml version="1.0" encoding="UTF-8"?>
<project-private xmlns="http://www.netbeans.org/ns/project-private/1">
    <editor-bookmarks xmlns="http://www.netbeans.org/ns/editor-bookmarks/2" lastBookmarkId="0"/>
    <open-files xmlns="http://www.netbeans.org/ns/projectui-open-files/2">
        <group>
            <file>file:/C:/SGUS/JavaEE/WSDemo/web/WebSockets.html</file>
            <file>file:/C:/SGUS/JavaEE/WSDemo/src/java/test/WebSocketEP.java</file>
            <file>file:/C:/SGUS/JavaEE/WSDemo/web/score.html</file>
            <file>file:/C:/SGUS/JavaEE/WSDemo/src/java/test/NewWSE_Test.java</file>
        </group>
    </open-files>
</project-private>
