<?xml version="1.0" encoding="UTF-8"?>
<project-private xmlns="http://www.netbeans.org/ns/project-private/1">
    <editor-bookmarks xmlns="http://www.netbeans.org/ns/editor-bookmarks/2" lastBookmarkId="0"/>
    <open-files xmlns="http://www.netbeans.org/ns/projectui-open-files/2">
        <group>
            <file>file:/C:/SGUS/JavaEE/JEE_Demo/src/java/singleton/TestServlet.java</file>
            <file>file:/C:/SGUS/JavaEE/JEE_Demo/src/java/sfsb/CartLocal.java</file>
            <file>file:/C:/SGUS/JavaEE/JEE_Demo/src/java/sfsb/TestSFSB.java</file>
            <file>file:/C:/SGUS/JavaEE/JEE_Demo/src/java/singleton/MySingletonBeanManagedConcurrency.java</file>
            <file>file:/C:/SGUS/JavaEE/JEE_Demo/src/java/sfsb/Cart.java</file>
            <file>file:/C:/SGUS/JavaEE/JEE_Demo/src/java/singleton/MySingleton.java</file>
        </group>
    </open-files>
</project-private>
