<?xml version='1.0' encoding='UTF-8'?>
<faces-config version="2.2"
              xmlns="http://xmlns.jcp.org/xml/ns/javaee"
              xmlns:xsi="http://www.w3.org/2001/XMLSchema-instance"
              xsi:schemaLocation="http://xmlns.jcp.org/xml/ns/javaee http://xmlns.jcp.org/xml/ns/javaee/web-facesconfig_2_2.xsd">
    <navigation-rule>
        <from-view-id>/Search.xhtml</from-view-id>
        <navigation-case>
            <from-outcome>list</from-outcome>
            <to-view-id>/List.xhtml</to-view-id>
        </navigation-case>
    </navigation-rule>
    <navigation-rule>
        <from-view-id>/List.xhtml</from-view-id>
        <navigation-case>
            <from-outcome>edit</from-outcome>
            <to-view-id>/Edit.xhtml</to-view-id>
        </navigation-case>
    </navigation-rule>
    <navigation-rule>
        <from-view-id>/*</from-view-id>
        <navigation-case>
            <from-outcome>search</from-outcome>
            <to-view-id>/Search.xhtml</to-view-id>
        </navigation-case>
    </navigation-rule>
</faces-config>
